,,,,Calvin College,,,,,,,,,,,,
,,,,2009 Fall Day 10,,,,,,,,,,,,
,,,Enrollment History 2000-2009,,,,,,,,,,,,,
,,,,,,,,,,,Table 1,,,,,
,,2000,2001,2002,2003,2004,2005,2006,2007,2008,2009,,,,,
,Total Enrollment,4314,4267,4330,4332,4186,4189,4199,4224,4171,4092,,,,,
,Total FTE,4162,4128,4183,4194,4042,4064,4053,4116,4056,3983,,,,,
,FTE as % of Total Enrollment,96.5%,96.7%,96.6%,96.8%,96.6%,97.0%,96.5%,97.4%,97.2%,97.3%,,,,,
,1,,,,,,,,,,,,,,,
,Entering FTIACs,1053,1031,1049,1042,902,1007,1027,1039,936,945,,,,,
,Entering Transfers,107,124,122,124,102,101,92,85,92,110,,,,,
Traditional Undergraduates,,4113,4077,4133,4157,4004,4012,4026,4075,4014,3933,,,,,
Full Time Trad Undergraduates,,4008,3984,4047,4074,3928,3943,3926,4010,3939,3868,,,,,
Part Time Trad Undergraduates,,105,93,86,83,76,69,100,65,75,65,,,,,
Traditional Undergrad FTE,,4067,4039,4098,4124,3969,3986,3977,4045,3980,3905,,,,,
UG,FTE as % of UG Enrollment,98.9%,99.1%,99.2%,99.2%,99.1%,99.4%,98.8%,99.3%,99.2%,99.3%,,,,,
,First Year,1158,1155,1179,1152,1009,1104,1118,1129,1016,1011,,,,,
,Sophomore,1015,975,986,997,982,877,972,1008,977,891,,,,,
,Junior,898,928,916,929,954,937,844,897,949,925,,,,,
,Senior,1042,1019,1052,1079,1059,1094,1092,1041,1072,1106,,,,,
,Post Bac,34,30,30,21,23,27,17,16,7,6,,,,,
,Graduate,39,29,35,29,31,38,52,55,67,77,,,,,
,CAP Enrollment,na,na,na,na,na,na,na,na,na,na,,,,,
,Bridge Programs,11,11,9,na,na,na,na,na,na,na,,,,,
,Guest/Non-Degree,85,75,70,86,94,85,77,54,61,58,,,,,
,Dually Enrolled,32,45,53,39,34,27,27,24,22,18,,,,,
,Total Enrollment,4314,4267,4330,4332,4186,4189,4199,4224,4171,4092,,,,,
,Full Time Students,4045,4014,4074,4096,3953,3972,3958,4035,3968,3895,,,,,
,% of Total,93.8%,94.1%,94.1%,94.6%,94.4%,94.8%,94.3%,95.5%,95.1%,95.2%,,,,,
,Part Time Students,269,253,256,236,233,217,241,189,203,197,,,,,
,,6.2%,5.9%,5.9%,5.4%,5.6%,5.2%,5.7%,4.5%,4.9%,4.8%,,,,,
,2,,,,,,,,,,,,,,,
,AHANA Students,187,212,187,201,223,227,235,268,268,293,,,,,
,,4.3%,5.0%,4.3%,4.6%,5.3%,5.4%,5.6%,6.3%,6.4%,7.2%,,,,,
,Students with Canadian,202,202,185,202,185,176,175,168,171,153,,,,,
,Citizenship,4.7%,4.7%,4.3%,4.7%,4.4%,4.2%,4.2%,4.0%,4.1%,3.7%,,,,,
Students with International,,152,182,182,197,213,188,191,192,199,242,,,,,
,Citizenship,3.5%,4.3%,4.2%,4.5%,5.1%,4.5%,4.5%,4.5%,4.8%,5.9%,,,,,
,Students from the CRC,2216,2113,2134,2127,2042,2041,2020,1986,1942,1879,,,,,
,,51.4%,49.5%,49.3%,49.1%,48.8%,48.7%,48.1%,47.0%,46.6%,45.9%,,,,,
,Students from Other,2098,2154,2196,2205,2144,2148,2179,2238,2229,2213,,,,,
Denominations/Religions,,48.6%,50.5%,50.7%,50.9%,51.2%,51.3%,51.9%,53.0%,53.4%,54.1%,,,,,
,Students from Michigan,2344,2319,2358,2305,2212,2253,2228,2206,2174,2181,,,,,
,,54.3%,54.3%,54.5%,53.2%,52.8%,53.8%,53.1%,52.2%,52.1%,53.3%,,,,,
Students from other Great,,696,644,653,659,645,660,706,738,732,709,,,,,
"Lakes States (IL, IN, OH, WI)",,16.1%,15.1%,15.1%,15.2%,15.4%,15.8%,16.8%,17.5%,17.5%,17.3%,,,,,
,Female Students,2406,2400,2452,2424,2287,2274,2264,2279,2274,2211,,,,,
,,55.8%,56.2%,56.6%,56.0%,54.6%,54.3%,53.9%,54.0%,54.5%,54.0%,,,,,
,Male Students,1908,1867,1878,1908,1899,1915,1935,1945,1897,1881,,,,,
,,44.2%,43.8%,43.4%,44.0%,45.4%,45.7%,46.1%,46.0%,45.5%,46.0%,,,,,
,3,,,,,,,,,,,,,,,
Top Scholarship Recipients,,1622,1658,1801,1804,1798,1874,1926,1918,1826,1915,,,,,
,(% of Traditional UGs),39.4%,40.7%,43.6%,43.4%,44.9%,46.7%,47.8%,47.1%,45.5%,48.7%,,,,,
,Children of Alumni,1552,1495,1524,1541,1499,1548,1589,1616,1604,1570,,,,,
,(% of Traditional UGs),37.7%,36.7%,36.9%,37.1%,37.4%,38.6%,39.5%,39.7%,40.0%,39.9%,,,,,
1,,,,,,,,,,,,,,,,
FTIACs are students enrolling for the First Time in any College after receiving a high school degree.,,,,,,,,,,,,,,,,
2,,,,,,,,,,,,,,,,
"AHANA students identify themselves as African-, Hispanic-, Asian-, or Native-Americans and are U.S. Citizens or permanent residents of the U.S.",,,,,,,,,,,,,,,,
3,,,,,,,,,,,,,,,,
"Beginning with 2002, scholarship awards to transfer students are included in these counts. Knollcrest awards are not included in these figures.",,,,,,,,,,,,,,,,
,,,Calvin College,,,,,,,,,,,,,
,,2009 Fall Day 10,,,,,,,,,,,,,,
,,Headcount and FTE Distribution,,,,,,,,,,,,,,
,,,,,,,,,Table 2,,,,,,,
,,,,,,,Total,,,,,,,,,
Class Level ----->,,First,Sopho-,,First Bac,Post,Under-,Grad-,,Grand,,,,,,
,,,,,,4,,5,,,,,,,,
,,Year,more,Junior,Senior,Subtotal,Bac,graduate,uate,Total,,,,,,
Total,,,,,,,,,,,,,,,,
,Full time,1013,887,920,1054,3874,9,3883,12,3895,,,,,,
,Part time,39,4,5,52,100,32,132,65,197,,,,,,
,Total,1052,891,925,1106,3974,41,4015,77,4092,,,,,,
,FTE,1028.2,890.2,923,1082.5,3923.9,21.6,3945.5,37.7,3983.15,,,,,,
Regular,1,,,,,,,,,,,,,,,
,Full time,1007,887,920,1054,3868,3,3871,9,3880,,,,,,
,Part time,4,4,5,52,65,3,68,34,102,,,,,,
,Total,1011,891,925,1106,3933,6,3939,43,3982,,,,,,
,FTE,1009.7,890.2,923,1082.5,3905.3,4.3,3909.7,22.6,3932.2,,,,,,
Guest,2,,,,,,,,,,,,,,,
,Full time,6,0,0,0,6,6,12,3,15,,,,,,
,Part time,17,0,0,0,17,29,46,31,77,,,,,,
,Total,23,0,0,0,23,35,58,34,92,,,,,,
,FTE,12.5,0,0,0,12.5,17.3,29.7,15.1,44.8,,,,,,
Dually Enrolled 3,,,,,,,,,,,,,,,,
,Full time,0,0,0,0,0,0,0,0,0,,,,,,
,Part time,18,0,0,0,18,0,18,0,18,,,,,,
,Total,18,0,0,0,18,0,18,0,18,,,,,,
,FTE,6.1,0,0,0,6.1,0,6.1,0,6.1,,,,,,
Notes:,,,,,,,,,,,,,,,,
1 Regular students are pursuing a degree from Calvin.,,,,,,,,,,,,,,,,
2 Guest students are enrolled at Calvin but not pursuing a degree from Calvin. This group includes exchange,,,,,,,,,,,,,,,,
students and students taking limited coursework while pursuing a degree from another institution.,,,,,,,,,,,,,,,,
3 Dually Enrolled Students are high school students who are also enrolled at Calvin.,,,,,,,,,,,,,,,,
4 Post Bac students have earned a bachelors degree and are now taking primarily undergraduate courses,,,,,,,,,,,,,,,,
as guest students or in order to earn a second bachelors degree or complete a teacher certification program.,,,,,,,,,,,,,,,,
5 Graduate students includes those pursuing a Masters degree or taking primarily graduate level coursework.,,,,,,,,,,,,,,,,
,,Calvin College,,,,,,,,,,,,,,
,,2009 Fall Day 10,,,,,,,,,,,,,,
,,"Enrollment by Major/Academic Program, 2005-2009",,,,,,,,,,,,,,
,,,,,,,,,Table 3a,,,,,,,
Major/Program,,2005,% of,2006,% of,2007,% of,2008,% of,2009,% of,,,,,
by Departments (1),,Fall,Total,Fall,Total,Fall,Total,Fall,Total,Fall,Total,,,,,
Art and Art History,,117,2.4%,101,2.1%,109,2.3%,120,2.5%,112,2.4%,,,,,
Art,,103,2.1%,92,1.9%,101,2.1%,106,2.2%,99,2.1%,,,,,
Art History,,14,0.3%,9,0.2%,8,0.2%,14,0.3%,13,0.3%,,,,,
Asian Studies,,33,0.7%,34,0.7%,49,1.0%,48,1.0%,53,1.1%,,,,,
Biology,,219,4.6%,207,4.4%,215,4.5%,225,4.7%,243,5.2%,,,,,
Biology,,199,4.1%,184,3.9%,189,4.0%,201,4.2%,215,4.6%,,,,,
Biotechnology,,15,0.3%,16,0.3%,13,0.3%,13,0.3%,18,0.4%,,,,,
Occupational Therapy,,5,0.1%,7,0.1%,13,0.3%,10,0.2%,10,0.2%,,,,,
Group Science Major,,0,0.0%,0,0.0%,0,0.0%,1,0.0%,0,0.0%,,,,,
Business,,499,10.4%,518,10.9%,542,11.4%,537,11.3%,511,10.9%,,,,,
Accountancy,,115,2.4%,120,2.5%,129,2.7%,141,3.0%,131,2.8%,,,,,
Business,,294,6.1%,300,6.3%,303,6.4%,304,6.4%,289,6.2%,,,,,
Business/Math Group,,2,0.0%,2,0.0%,1,0.0%,1,0.0%,1,0.0%,,,,,
Business/CAS Group,,82,1.7%,92,1.9%,103,2.2%,90,1.9%,84,1.8%,,,,,
Organiz. Leadership (CAP),,0,0.0%,1,0.0%,0,0.0%,0,0.0%,0,0.0%,,,,,
Social Science Group,,6,0.1%,3,0.1%,6,0.1%,1,0.0%,6,0.1%,,,,,
Chemistry & Biochemistry,,70,1.5%,68,1.4%,69,1.5%,77,1.6%,95,2.0%,,,,,
Chemistry,,33,0.7%,29,0.6%,30,0.6%,28,0.6%,38,0.8%,,,,,
Biochemistry,,37,0.8%,39,0.8%,39,0.8%,49,1.0%,57,1.2%,,,,,
Classical Languages,,27,0.6%,22,0.5%,32,0.7%,30,0.6%,27,0.6%,,,,,
Classical Studies,,10,0.2%,13,0.3%,16,0.3%,15,0.3%,9,0.2%,,,,,
Classical Languages,,6,0.1%,1,0.0%,5,0.1%,6,0.1%,9,0.2%,,,,,
Greek,,4,0.1%,3,0.1%,4,0.1%,6,0.1%,7,0.1%,,,,,
Latin,,7,0.1%,5,0.1%,7,0.1%,3,0.1%,2,0.0%,,,,,
Communication A&S,,367,7.7%,404,8.5%,409,8.6%,376,7.9%,347,7.4%,,,,,
Communication A&S,,66,1.4%,60,1.3%,53,1.1%,34,0.7%,20,0.4%,,,,,
Speech Pathology & Audiology,,54,1.1%,69,1.5%,68,1.4%,79,1.7%,78,1.7%,,,,,
Film Studies,,52,1.1%,45,0.9%,21,0.4%,23,0.5%,26,0.6%,,,,,
Media Production,(2),,,,,,,,,,,,,,,
,,na,24,0.5%,62,1.3%,65,1.4%,67,1.4%,,,,,,
Media Studies (2),,na,11,0.2%,14,0.3%,19,0.4%,19,0.4%,,,,,,
Rhetoric,,25,0.5%,33,0.7%,36,0.8%,32,0.7%,31,0.7%,,,,,
Mass Media,(2),,,,,,,,,,,,,,,
,,57,1.2%,41,0.9%,20,0.4%,7,0.1%,1,0.0%,,,,,
Theatre,,17,0.4%,20,0.4%,24,0.5%,18,0.4%,15,0.3%,,,,,
Business/CAS Group,,82,1.7%,92,1.9%,103,2.2%,90,1.9%,84,1.8%,,,,,
Digital Communication Group,,14,0.3%,9,0.2%,8,0.2%,9,0.2%,6,0.1%,,,,,
Computer Science,,119,2.5%,98,2.1%,78,1.6%,82,1.7%,81,1.7%,,,,,
Computer Science,,71,1.5%,63,1.3%,47,1.0%,47,1.0%,54,1.2%,,,,,
Digital Communication Group,,14,0.3%,9,0.2%,8,0.2%,9,0.2%,6,0.1%,,,,,
Information Systems,,34,0.7%,26,0.5%,23,0.5%,26,0.5%,21,0.4%,,,,,
Economics,,27,0.6%,34,0.7%,38,0.8%,34,0.7%,44,0.9%,,,,,
Economics,,26,0.5%,33,0.7%,36,0.8%,34,0.7%,43,0.9%,,,,,
Economics/Math Group,,1,0.0%,1,0.0%,2,0.0%,0,0.0%,1,0.0%,,,,,
Education (3),,717,14.9%,654,13.8%,586,12.3%,624,13.1%,608,13.0%,,,,,
Elementary Education,,363,7.6%,330,7.0%,298,6.3%,298,6.3%,287,6.1%,,,,,
Special Education (4),,64,1.3%,64,1.3%,65,1.4%,64,1.3%,65,1.4%,,,,,
Secondary Education (5),,354,7.4%,324,6.8%,288,6.1%,326,6.9%,321,6.9%,,,,,
Engineering,,332,6.9%,348,7.3%,353,7.4%,359,7.6%,366,7.8%,,,,,
Engineering (Gen),,151,3.1%,173,3.6%,199,4.2%,204,4.3%,207,4.4%,,,,,
Chemical,,21,0.4%,19,0.4%,20,0.4%,18,0.4%,19,0.4%,,,,,
Civil,,51,1.1%,53,1.1%,50,1.1%,56,1.2%,54,1.2%,,,,,
Electrical,,41,0.9%,43,0.9%,40,0.8%,26,0.5%,28,0.6%,,,,,
Mechanical,,68,1.4%,60,1.3%,44,0.9%,55,1.2%,58,1.2%,,,,,
English,,177,3.7%,192,4.0%,195,4.1%,202,4.3%,198,4.2%,,,,,
French,,33,0.7%,37,0.8%,46,1.0%,39,0.8%,26,0.6%,,,,,
Major/Program,,2005,% of,2006,% of,2007,% of,2008,% of,2009,% of,,,,,
by Departments (1),,Fall,Total,Fall,Total,Fall,Total,Fall,Total,Fall,Total,,,,,
"Geology, Geography,",,,,,,,,,,,,,,,,
Environmental Studies,,38,0.8%,48,1.0%,42,0.9%,43,0.9%,35,0.7%,,,,,
Environmental Geology,,3,0.1%,2,0.0%,1,0.0%,1,0.0%,0,0.0%,,,,,
Environmental Science,,15,0.3%,20,0.4%,14,0.3%,15,0.3%,14,0.3%,,,,,
Geology,,11,0.2%,15,0.3%,15,0.3%,16,0.3%,12,0.3%,,,,,
Geography,,9,0.2%,11,0.2%,12,0.3%,11,0.2%,9,0.2%,,,,,
Germanic Languages,,25,0.5%,17,0.4%,17,0.4%,10,0.2%,13,0.3%,,,,,
Dutch/Netherlandic Studies,,2,0.0%,2,0.0%,0,0.0%,0,0.0%,0,0.0%,,,,,
German,,23,0.5%,15,0.3%,17,0.4%,10,0.2%,13,0.3%,,,,,
History,,151,3.1%,135,2.8%,121,2.5%,113,2.4%,104,2.2%,,,,,
History,,104,2.2%,126,2.7%,120,2.5%,113,2.4%,104,2.2%,,,,,
European History,,8,0.2%,1,0.0%,0,0.0%,0,0.0%,0,0.0%,,,,,
U.S. History,,29,0.6%,6,0.1%,0,0.0%,0,0.0%,0,0.0%,,,,,
World History,,10,0.2%,2,0.0%,1,0.0%,0,0.0%,0,0.0%,,,,,
HPERDS,,127,2.6%,134,2.8%,136,2.9%,134,2.8%,164,3.5%,,,,,
Physical Education,,86,1.8%,91,1.9%,97,2.0%,106,2.2%,132,2.8%,,,,,
Recreation,,41,0.9%,43,0.9%,39,0.8%,28,0.6%,32,0.7%,,,,,
Interdisciplinary,,44,0.9%,32,0.7%,27,0.6%,31,0.7%,33,0.7%,,,,,
Int'l Development Studies,,14,0.3%,65,1.4%,101,2.1%,93,2.0%,82,1.8%,,,,,
Mathematics & Statistics,,62,1.3%,69,1.5%,63,1.3%,72,1.5%,70,1.5%,,,,,
Music,,67,1.4%,74,1.6%,83,1.7%,72,1.5%,62,1.3%,,,,,
Music,,55,1.1%,65,1.4%,67,1.4%,60,1.3%,53,1.1%,,,,,
Instrumental Music Education,,7,0.1%,5,0.1%,10,0.2%,9,0.2%,3,0.1%,,,,,
Vocal Music Education,,5,0.1%,4,0.1%,6,0.1%,3,0.1%,6,0.1%,,,,,
Nursing,,272,5.7%,281,5.9%,304,6.4%,319,6.7%,316,6.8%,,,,,
Philosophy,,61,1.3%,61,1.3%,74,1.6%,78,1.6%,76,1.6%,,,,,
Physics,,30,0.6%,26,0.5%,33,0.7%,31,0.7%,37,0.8%,,,,,
Political Science,,146,3.0%,111,2.3%,124,2.6%,99,2.1%,121,2.6%,,,,,
Political Science,,110,2.3%,84,1.8%,75,1.6%,60,1.3%,66,1.4%,,,,,
Public Administration,,2,0.0%,4,0.1%,2,0.0%,1,0.0%,2,0.0%,,,,,
International Relations,,34,0.7%,23,0.5%,47,1.0%,38,0.8%,53,1.1%,,,,,
Psychology,,215,4.5%,191,4.0%,174,3.7%,169,3.6%,191,4.1%,,,,,
Religion,,67,1.4%,57,1.2%,63,1.3%,57,1.2%,65,1.4%,,,,,
Sociology & Social Work,,193,4.0%,178,3.8%,153,3.2%,158,3.3%,157,3.4%,,,,,
Sociology,,48,1.0%,58,1.2%,52,1.1%,50,1.1%,43,0.9%,,,,,
Social Work,,145,3.0%,120,2.5%,101,2.1%,108,2.3%,114,2.4%,,,,,
Spanish,,120,2.5%,123,2.6%,131,2.8%,162,3.4%,157,3.4%,,,,,
Undecided,,524,10.9%,523,11.0%,501,10.5%,453,9.5%,364,7.8%,,,,,
Total,,4797,4741,,4757,,4748,,4668,,,,,,,
Notes:,(1),Double Majors and Secondary Education students are counted twice. Programs with no majors are excluded.,,,,,,,,,,,,,,
,(2),"Media Production and Media Studies are new majors in 2006-2007, while the Mass Media major is being phased out.",,,,,,,,,,,,,,
,(3),Graduate Students in education are not included in these counts.,,,,,,,,,,,,,,
,(4),"Special Education Students are also counted in the Elementary Education line, but only counted once in the Education total.",,,,,,,,,,,,,,
,(5),Students obtaining K-12 endorsements are included in the Secondary Education counts.,,,,,,,,,,,,,,
,,"Day 10 Enrollment by Pre-Professional Programs, 2005-2009",,,,,,,,,,,,,,
,,,,,,,,,Table 3b,,,,,,,
Program of Specialization,,2005 Fall,2006 Fall,,2007 Fall,,2008 Fall,,2009 Fall,,,,,,,
Pre-Optometry,,2,1,,6,,6,,8,,,,,,,
Pre-Physician's Assisstant,,4,4,,6,,9,,16,,,,,,,
Pre-Architecture,,36,34,,47,,50,,45,,,,,,,
Pre-Dentistry,,16,17,,18,,19,,22,,,,,,,
Pre-Law,,92,77,,72,,83,,71,,,,,,,
Pre-Medicine,,205,176,,162,,189,,213,,,,,,,
Pre-Pharmacy,,10,9,,9,,8,,8,,,,,,,
Pre-Physical Therapy,,36,42,,44,,45,,42,,,,,,,
Pre-Seminary,,21,43,,81,,53,,47,,,,,,,
Total,,422,403,,445,,462,,472,,,,,,,
,,,Calvin College,,,,,,,,,,,,,
,,2009 Fall Day 10,,,,,,,,,,,,,,
,"Merit and Diversity Scholarship Recipients, 2005-2009",,,,,,,,,,,,,,,
FTIACs (First Time Students),,,,,,,,,Table 4a,,,,,,,
,2005-06,,2006-07,,2007-08,,2008-09,,2009-10,,,,,,,
Scholarship,#,%,#,%,#,%,#,%,#,%,,,,,,
,(1),,,,,,,,,,,,,,,
National Merit ,18 (21),2.1%,26 (29),2.8%,18 (23),2.2%,11 (14),1.5%,27,2.9%,,,,,,
Trustee,44,4.4%,46,4.5%,36,3.5%,25,2.7%,35,3.7%,,,,,,
Presidential,146,14.5%,159,15.5%,141,13.6%,151,16.1%,103,10.9%,,,,,,
Dean's,109,10.8%,122,11.9%,108,10.4%,119,12.7%,158,16.7%,,,,,,
Faculty Honors,139,13.8%,117,11.4%,129,12.4%,105,11.2%,163,17.2%,,,,,,
Honors,169,16.8%,165,16.1%,168,16.2%,153,16.3%,190,20.1%,,,,,,
Knollcrest,56,5.6%,99,9.6%,214,20.6%,184,19.7%,38,4.0%,,,,,,
Total with Merit Scholarship,681,67.6%,734,71.5%,814,78.3%,748,79.9%,714,75.6%,,,,,,
Diversity Awards,,,,,,,,,,,,,,,,
Mosaic,12,1.2%,15,1.5%,62,6.0%,53,5.7%,62,6.6%,,,,,,
Multicultural,51,5.1%,58,5.6%,52,5.0%,44,4.7%,50,5.3%,,,,,,
Entrada,25,2.5%,19,1.9%,35,3.4%,27,2.9%,42,4.4%,,,,,,
Total with Diversity Award,69,6.9%,75,7.3%,125,12.0%,104,11.1%,127,13.4%,,,,,,
,Total FTIACs,1007,100%,1027,100%,1039,100%,936,100%,945,100%,,,,,
All Traditional Undergraduates,,,,,,,,,Table 4b,,,,,,,
,2005-06,,2006-07,,2007-08,,2008-09,,2009-10,,,,,,,
Scholarship,#,%,#,%,#,%,#,%,#,%,,,,,,
,(1),,,,,,,,,,,,,,,
National Merit,61 (68),1.7%,72 (80),2.0%,72 (77),1.9%,68 (75),1.9%,81,1.9%,,,,,,
Trustee,44,1.1%,85,2.1%,119,2.9%,135,3.4%,131,3.3%,,,,,,
Presidential,530,13.2%,553,13.7%,522,12.8%,475,11.8%,433,11.0%,,,,,,
Dean's,355,8.8%,362,9.0%,352,8.6%,373,9.3%,429,10.9%,,,,,,
Faculty Honors,398,9.9%,369,9.2%,366,9.0%,345,8.6%,389,9.9%,,,,,,
Honors,486,12.1%,485,12.0%,482,11.8%,430,10.7%,456,11.6%,,,,,,
Knollcrest,56,1.4%,185,4.6%,390,9.6%,477,11.9%,372,9.5%,,,,,,
Total with Merit Scholarship,1930,48.1%,2111,52.4%,2303,56.5%,2303,57.4%,2291,58.3%,,,,,,
Diversity Awards,,,,,,,,,,,,,,,,
Mosaic,50,1.2%,53,1.3%,95,2.3%,123,3.1%,164,4.2%,,,,,,
Multicultural,150,3.7%,172,4.3%,200,4.9%,195,4.9%,204,5.2%,,,,,,
Entrada,76,1.9%,83,2.1%,100,2.5%,95,2.4%,116,2.9%,,,,,,
Total with Diversity Award,214,5.3%,237,5.9%,312,7.7%,338,8.4%,399,10.1%,,,,,,
,Total Traditional UGs,4012,100%,4026,100%,4075,100%,4014,100%,3933,100%,,,,,
Notes:,,,,,,,,,,,,,,,,
(1),"Prior to 2009, the National Merit number in parenthesis reflects the total number of National Merit Scholars (Calvin sponsored and",,,,,,,,,,,,,,,
,Corporate sponsored). The lower NM number represents the number of Calvin funded NM Scholarships. Students receiving a,,,,,,,,,,,,,,,
,Corporate NM Scholarship also received a Dean's or Presidential Scholarship from Calvin and are counted in those categories,,,,,,,,,,,,,,,
,"as well as in the parenthesis. In 2009, all National Merit Scholars are counted in the National Merit row.",,,,,,,,,,,,,,,
,Calvin College,,,,,,,,,,,,,,,
,2009 Fall Day 10,,,,,,,,,,,,,,,
,Residence by State and Region,,,,,,,,,,,,,,,
,,,,,Table 5a,,,,,,,,,,,
,FTIACs,,Traditional UGs,,All Students,,,,,,,,,,,
Residence,#,%,#,%,#,%,,,,,,,,,,
Michigan,494,52.3%,2058,52.3%,2181,53.3%,,,,,,,,,,
Great Lakes States,176,18.6%,706,18.0%,709,17.3%,,,,,,,,,,
Illinois,77,8.1%,369,9.4%,371,9.1%,,,,,,,,,,
Indiana,34,3.6%,132,3.4%,132,3.2%,,,,,,,,,,
Ohio,37,3.9%,112,2.8%,112,2.7%,,,,,,,,,,
Wisconsin,28,3.0%,93,2.4%,94,2.3%,,,,,,,,,,
Other Midwest U.S.,41,4.3%,132,3.4%,132,3.2%,,,,,,,,,,
Iowa,15,1.6%,35,0.9%,35,0.9%,,,,,,,,,,
Kansas,6,0.6%,11,0.3%,11,0.3%,,,,,,,,,,
Minnesota,14,1.5%,61,1.6%,61,1.5%,,,,,,,,,,
Missouri,3,0.3%,10,0.3%,10,0.2%,,,,,,,,,,
Nebraska,2,0.2%,5,0.1%,5,0.1%,,,,,,,,,,
North Dakota,0,0.0%,2,0.1%,2,0.0%,,,,,,,,,,
South Dakota,1,0.1%,8,0.2%,8,0.2%,,,,,,,,,,
Eastern U.S.,50,5.3%,233,5.9%,233,5.7%,,,,,,,,,,
Connecticut,0,0.0%,10,0.3%,10,0.2%,,,,,,,,,,
Delaware,1,0.1%,3,0.1%,3,0.1%,,,,,,,,,,
Maine,2,0.2%,5,0.1%,5,0.1%,,,,,,,,,,
Massachusetts,9,1.0%,34,0.9%,34,0.8%,,,,,,,,,,
New Hampshire,2,0.2%,8,0.2%,8,0.2%,,,,,,,,,,
New Jersey,11,1.2%,62,1.6%,62,1.5%,,,,,,,,,,
New York,17,1.8%,54,1.4%,54,1.3%,,,,,,,,,,
Pennsylvania,8,0.8%,55,1.4%,55,1.3%,,,,,,,,,,
Vermont,0,0.0%,2,0.1%,2,0.0%,,,,,,,,,,
Western U.S.,69,7.3%,296,7.5%,301,7.4%,,,,,,,,,,
Alaska,0,0.0%,2,0.1%,2,0.0%,,,,,,,,,,
Arizona,3,0.3%,21,0.5%,23,0.6%,,,,,,,,,,
California,32,3.4%,123,3.1%,126,3.1%,,,,,,,,,,
Colorado,7,0.7%,41,1.0%,41,1.0%,,,,,,,,,,
Hawaii,2,0.2%,3,0.1%,3,0.1%,,,,,,,,,,
Idaho,1,0.1%,4,0.1%,4,0.1%,,,,,,,,,,
Montana,0,0.0%,5,0.1%,5,0.1%,,,,,,,,,,
Nevada,1,0.1%,3,0.1%,3,0.1%,,,,,,,,,,
New Mexico,3,0.3%,12,0.3%,12,0.3%,,,,,,,,,,
Oregon,2,0.2%,8,0.2%,8,0.2%,,,,,,,,,,
Utah,1,0.1%,3,0.1%,3,0.1%,,,,,,,,,,
Washington,17,1.8%,71,1.8%,71,1.7%,,,,,,,,,,
Southern U.S.,34,3.6%,147,3.7%,147,3.6%,,,,,,,,,,
Alabama,2,0.2%,4,0.1%,4,0.1%,,,,,,,,,,
Arkansas,1,0.1%,3,0.1%,3,0.1%,,,,,,,,,,
District of Columbia,0,0.0%,3,0.1%,3,0.1%,,,,,,,,,,
Florida,6,0.6%,26,0.7%,26,0.6%,,,,,,,,,,
Georgia,0,0.0%,2,0.1%,2,0.0%,,,,,,,,,,
Kentucky,1,0.1%,8,0.2%,8,0.2%,,,,,,,,,,
Louisiana,0,0.0%,1,0.0%,1,0.0%,,,,,,,,,,
Maryland,7,0.7%,40,1.0%,40,1.0%,,,,,,,,,,
North Carolina,6,0.6%,22,0.6%,22,0.5%,,,,,,,,,,
Oklahoma,1,0.1%,3,0.1%,3,0.1%,,,,,,,,,,
Tennessee,2,0.2%,4,0.1%,4,0.1%,,,,,,,,,,
Texas,0,0.0%,9,0.2%,9,0.2%,,,,,,,,,,
Virginia,8,0.8%,21,0.5%,21,0.5%,,,,,,,,,,
West Virginia,0,0.0%,1,0.0%,1,0.0%,,,,,,,,,,
Territories/Other,0,0.0%,6,0.2%,6,0.1%,,,,,,,,,,
United States Total,864,91.4%,3578,91.0%,3709,90.6%,,,,,,,,,,
,Calvin College,,,,,,,,,,,,,,,
,2009 Fall Day 10,,,,,,,,,,,,,,,
Residence by Canadian Province and Country,,,,,,,,,,,,,,,,
,,,,,Table 5b,,,,,,,,,,,
,FTIACs,,Traditional UGs,,All Students,,,,,,,,,,,
Residence,#,%,#,%,#,,%,,,,,,,,,
United States,864,91.4%,3578,91.0%,3709,90.6%,,,,,,,,,,
Canada,23,2.4%,147,3.7%,156,,3.8%,,,,,,,,,
Alberta,2,0.2%,16,0.4%,17,,0.4%,,,,,,,,,
British Columbia,4,0.4%,17,0.4%,17,,0.4%,,,,,,,,,
New Brunswick,0,0.0%,1,0.0%,1,,0.0%,,,,,,,,,
Nova Scotia,0,0.0%,2,0.1%,2,,0.0%,,,,,,,,,
Ontario,17,1.8%,111,2.8%,119,,2.9%,,,,,,,,,
Other Countries,58,6.1%,208,5.3%,227,,5.5%,,,,,,,,,
Albania,1,0.1%,1,0.0%,1,,0.0%,,,,,,,,,
Bangladesh,1,0.1%,2,0.1%,2,,0.0%,,,,,,,,,
Belgium,0,0.0%,1,0.0%,1,,0.0%,,,,,,,,,
Bolivia,1,0.1%,2,0.1%,2,,0.0%,,,,,,,,,
Botswana,0,0.0%,1,0.0%,1,,0.0%,,,,,,,,,
Brazil,1,0.1%,1,0.0%,1,,0.0%,,,,,,,,,
Cambodia,1,0.1%,1,0.0%,1,,0.0%,,,,,,,,,
Cyprus,0,0.0%,1,0.0%,1,,0.0%,,,,,,,,,
Ecuador,2,0.2%,4,0.1%,5,,0.1%,,,,,,,,,
Ethiopia,1,0.1%,1,0.0%,1,,0.0%,,,,,,,,,
France,0,0.0%,2,0.1%,2,,0.0%,,,,,,,,,
Germany,0,0.0%,4,0.1%,5,,0.1%,,,,,,,,,
Ghana,4,0.4%,15,0.4%,15,,0.4%,,,,,,,,,
Guatemala,0,0.0%,2,0.1%,2,,0.0%,,,,,,,,,
Honduras,1,0.1%,1,0.0%,2,,0.0%,,,,,,,,,
Hong Kong,7,0.7%,16,0.4%,16,,0.4%,,,,,,,,,
Hungary,0,0.0%,1,0.0%,1,,0.0%,,,,,,,,,
India,1,0.1%,7,0.2%,7,,0.2%,,,,,,,,,
Indonesia,2,0.2%,9,0.2%,12,,0.3%,,,,,,,,,
Italy,0,0.0%,1,0.0%,1,,0.0%,,,,,,,,,
Jamaica,0,0.0%,3,0.1%,3,,0.1%,,,,,,,,,
Japan,0,0.0%,8,0.2%,10,,0.2%,,,,,,,,,
Kenya,3,0.3%,9,0.2%,10,,0.2%,,,,,,,,,
Malaysia,0,0.0%,5,0.1%,5,,0.1%,,,,,,,,,
Mexico,0,0.0%,0,0.0%,1,,0.0%,,,,,,,,,
Mongolia,1,0.1%,4,0.1%,4,,0.1%,,,,,,,,,
Nepal,0,0.0%,1,0.0%,1,,0.0%,,,,,,,,,
Netherlands,0,0.0%,0,0.0%,2,,0.0%,,,,,,,,,
Nicaragua,2,0.2%,2,0.1%,2,,0.0%,,,,,,,,,
Nigeria,2,0.2%,9,0.2%,9,,0.2%,,,,,,,,,
People's Repub of China,4,0.4%,15,0.4%,19,,0.5%,,,,,,,,,
Peru,1,0.1%,4,0.1%,4,,0.1%,,,,,,,,,
Philippines,0,0.0%,5,0.1%,5,,0.1%,,,,,,,,,
Poland,0,0.0%,1,0.0%,1,,0.0%,,,,,,,,,
Russia,1,0.1%,3,0.1%,5,,0.1%,,,,,,,,,
Singapore,2,0.2%,5,0.1%,5,,0.1%,,,,,,,,,
South Korea,15,1.6%,40,1.0%,41,,1.0%,,,,,,,,,
Spain,0,0.0%,1,0.0%,1,,0.0%,,,,,,,,,
Sultanate of Oman,0,0.0%,1,0.0%,1,,0.0%,,,,,,,,,
Taiwan Rep of China,0,0.0%,3,0.1%,3,,0.1%,,,,,,,,,
Thailand,0,0.0%,3,0.1%,3,,0.1%,,,,,,,,,
Turkey,1,0.1%,1,0.0%,1,,0.0%,,,,,,,,,
Uganda,0,0.0%,2,0.1%,2,,0.0%,,,,,,,,,
United Kingdom,1,0.1%,3,0.1%,3,,0.1%,,,,,,,,,
Vietnam,1,0.1%,3,0.1%,3,,0.1%,,,,,,,,,
Zambia,0,0.0%,1,0.0%,1,,0.0%,,,,,,,,,
Zimbabwe,1,0.1%,3,0.1%,3,,0.1%,,,,,,,,,
Total (All Locations),945,100.0%,3933,100.0%,4092,100.0%,,,,,,,,,,
,,,,Calvin College,,,,,,,,,,,,
,,,2009 Fall Day 10,,,,,,,,,,,,,
,"Race, Ethnicity and Citizenship, 2005-2009",,,,,,,,,,,,,,,
,,,,,,,,,,,,,,Table 6,,
Citizenship and,,,,,,,Traditional,,,,,,,,,
Race/Ethnicity,,,FTIACs,,,,Undergraduates,,,,,All Students,,,,
Year,5,6,7,8,9,5,6,7,8,9,5,6,7,8,9,
U.S. Citizens or Permanent,,,,,,,,,,,,,,,,
,952,960,961,859,871,3726,3743,3797,3714,3623,3877,3884,3919,3848,3754,
Residents Total,,,,,,,,,,,,,,,,
,95%,93%,92%,92%,92%,93%,93%,93%,93%,92%,93%,92%,93%,92%,92%,
White,868,871,846,751,748,3404,3409,3410,3325,3202,3530,3528,3514,3439,3317,
,86%,85%,81%,80%,79%,85%,85%,84%,83%,81%,84%,84%,83%,82%,81%,
Ethnic Minorities (AHANA),57,50,73,73,93,216,222,256,254,281,227,235,268,268,293,
,5.7%,4.9%,7.0%,7.8%,9.8%,5.4%,5.5%,6.3%,6.3%,7.1%,5.4%,5.6%,6.3%,6.4%,7.2%,
African American,14,11,17,20,34,52,50,59,62,85,55,57,60,68,88,
Hispanic,7,13,19,13,26,43,53,64,57,65,46,56,69,62,68,
Asian American,33,26,36,35,30,109,110,127,124,120,114,113,133,127,124,
Native American,3,0,1,5,3,12,9,6,11,11,12,9,6,11,13,
Other Ethnicity,14,19,26,20,18,64,61,79,79,80,66,64,81,80,80,
Not Stated,13,20,16,15,12,42,51,52,56,60,54,57,56,61,64,
U.S. Citizens Living Abroad,22,31,35,26,21,88,95,108,108,105,88,95,108,109,107,
U.S. Citizens w/Dual Citizenship,14,8,11,12,7,67,54,42,47,37,67,54,42,47,38,
Other Citizenship by Selected,,,,,,,,,,,,,,,,
,55,67,78,77,74,286,283,278,300,310,312,315,305,323,338,
Regions Total,,,,,,,,,,,,,,,,
,5.5%,6.5%,7.5%,8.2%,7.8%,7.1%,7.0%,6.8%,7.5%,7.9%,7.4%,7.5%,7.2%,7.7%,8.3%,
Canada,28,35,36,43,20,155,154,140,149,131,165,164,152,157,142,
,2.8%,3.4%,3.5%,4.6%,2.1%,3.9%,3.8%,3.4%,3.7%,3.3%,3.9%,3.9%,3.6%,3.8%,3.5%,
,3,3,8,8,9,32,23,22,28,33,33,25,23,29,34,
Africa Total,,,,,,,,,,,,,,,,
,0.3%,0.3%,0.8%,0.9%,1.0%,0.8%,0.6%,0.5%,0.7%,0.8%,0.8%,0.6%,0.5%,0.7%,0.8%,
Ghana,2,0,6,2,3,10,8,12,13,13,10,8,12,13,13,
Nigeria,1,1,0,3,3,16,10,5,9,10,16,10,5,9,10,
Other Africa,0,2,2,3,3,6,5,5,6,10,7,7,6,7,11,
Asia Total,19,23,29,22,41,83,87,97,99,121,92,98,103,107,129,
,1.9%,2.2%,2.8%,2.4%,4.3%,2.1%,2.2%,2.4%,2.5%,3.1%,2.2%,2.3%,2.4%,2.6%,3.2%,
China,0,0,0,5,3,2,1,1,6,11,5,3,5,11,15,
Hong Kong,0,2,2,0,6,4,4,5,4,9,4,4,5,4,9,
India,1,4,0,1,1,13,12,9,10,9,13,12,9,10,9,
Indonesia,1,2,2,2,2,2,6,7,8,7,3,7,7,10,10,
Malaysia,2,0,3,1,0,2,2,5,5,3,4,2,5,5,3,
Philippines,2,2,1,0,0,7,6,6,5,4,7,6,6,5,4,
South Korea,13,12,18,11,24,48,52,59,56,69,51,60,61,57,70,
Other Asia,0,1,3,2,5,5,4,5,5,9,5,4,5,5,9,
Central/South Amer.,2,2,2,1,2,10,7,7,7,9,11,9,10,8,12,
,0.2%,0.2%,0.2%,0.1%,0.2%,0.2%,0.2%,0.2%,0.2%,0.2%,0.3%,0.2%,0.2%,0.2%,0.3%,
Europe,3,4,3,3,2,6,11,10,15,14,11,18,15,20,19,
,0.3%,0.4%,0.3%,0.3%,0.2%,0.1%,0.3%,0.2%,0.4%,0.4%,0.3%,0.4%,0.4%,0.5%,0.5%,
Netherlands,1,2,1,0,0,1,3,3,4,1,3,7,5,5,3,
United Kingdom,1,2,1,1,0,3,4,4,4,4,3,4,5,4,4,
Other Europe,1,0,1,2,2,2,4,3,7,9,5,7,5,11,12,
Australia/New Zealand,0,0,0,0,0,0,1,2,2,2,0,1,2,2,2,
Grand Total,1007,1027,1039,936,945,4012,4026,4075,4014,3933,4189,4199,4224,4171,4092,
,Calvin College,,,,,,,,,,,,,,,
,2009 Fall Day 10,,,,,,,,,,,,,,,
Denominational and Religious Affiliation,,,,,,,,,,,,,,,,
,,,,,Table 7,,,,,,,,,,,
,,,Traditional,,,,,,,,,,,,,
Denominational/,FTIACs,,Undergraduates,,All Students,,,,,,,,,,,
Religious Affiliation,#,%,#,%,#,,%,,,,,,,,,
Christian Reformed,386,40.8%,1815,46.1%,1879,45.9%,,,,,,,,,,
Other Reformed (Subtotal),81,8.6%,280,7.1%,293,,7.2%,,,,,,,,,
Reformed (RCA),43,4.6%,142,3.6%,147,,3.6%,,,,,,,,,
Reformed - Other,28,3.0%,89,2.3%,94,,2.3%,,,,,,,,,
Protestant Reformed,10,1.1%,49,1.2%,52,,1.3%,,,,,,,,,
Presbyterian (Subtotal),83,8.8%,288,7.3%,295,,7.2%,,,,,,,,,
Presbyterian (PCA),49,5.2%,144,3.7%,146,,3.6%,,,,,,,,,
Presbyterian (PCUSA),9,1.0%,50,1.3%,54,,1.3%,,,,,,,,,
Evangelical Presbyterian,8,0.8%,39,1.0%,39,,1.0%,,,,,,,,,
Presbyterian - Other,14,1.5%,36,0.9%,37,,0.9%,,,,,,,,,
Orthodox Presbyterian,1,0.1%,12,0.3%,12,,0.3%,,,,,,,,,
Reformed Presbyterian,2,0.2%,7,0.2%,7,,0.2%,,,,,,,,,
Other Protestant (by # of Students),346,36.6%,1408,35.8%,1445,,35.3%,,,,,,,,,
Nondenominational,138,14.6%,526,13.4%,536,,13.1%,,,,,,,,,
Baptist Denominations,57,6.0%,219,5.6%,224,,5.5%,,,,,,,,,
Other,33,3.5%,116,2.9%,128,,3.1%,,,,,,,,,
Lutheran,33,3.5%,116,2.9%,122,,3.0%,,,,,,,,,
Evangelical Free,15,1.6%,96,2.4%,97,,2.4%,,,,,,,,,
Methodist,24,2.5%,92,2.3%,93,,2.3%,,,,,,,,,
Assembly of God,14,1.5%,37,0.9%,37,,0.9%,,,,,,,,,
Wesleyan,7,0.7%,31,0.8%,31,,0.8%,,,,,,,,,
Pentecostal,6,0.6%,29,0.7%,29,,0.7%,,,,,,,,,
Chr Missionary Alliance,3,0.3%,27,0.7%,27,,0.7%,,,,,,,,,
Episcopal,3,0.3%,22,0.6%,22,,0.5%,,,,,,,,,
Brethren,4,0.4%,20,0.5%,21,,0.5%,,,,,,,,,
Nazarene (Church of the),2,0.2%,19,0.5%,19,,0.5%,,,,,,,,,
Church of Christ,1,0.1%,14,0.4%,14,,0.3%,,,,,,,,,
Church of God,2,0.2%,13,0.3%,13,,0.3%,,,,,,,,,
Congregational,2,0.2%,11,0.3%,11,,0.3%,,,,,,,,,
Fundamental Bible,0,0.0%,9,0.2%,10,,0.2%,,,,,,,,,
Mennonite,2,0.2%,8,0.2%,8,,0.2%,,,,,,,,,
United Church of Christ,0,0.0%,3,0.1%,3,,0.1%,,,,,,,,,
Roman Catholic,22,2.3%,61,1.6%,66,,1.6%,,,,,,,,,
Other Religions,1,0.1%,3,0.1%,3,,0.1%,,,,,,,,,
None/Not Stated,26,2.8%,78,2.0%,111,,2.7%,,,,,,,,,
Total,945,100%,3933,100%,4092,,100%,,,,,,,,,
,,,,Calvin College,,,,,,,,,,,,
,,,,2009 Fall Day 10,,,,,,,,,,,,
,,"Retention and Graduation Rate History, 2000-2009",,,,,,,,,,,,,,
,,,,,,,,,,,Table 8,,,,,
,,,,,,,,,,,,Four,,,,
Retention,1999,2000,2001,2002,2003,2004,2005,2006,2007,2008,,Year,,,,
Rates,FTIACs,FTIACs,FTIACs,FTIACs,FTIACs,FTIACs,FTIACs,FTIACs,FTIACs,FTIACs,Average,,,,,
FTIACs enrolled,1061,1053,1031,1049,1042,902,1007,1027,1039,936,,1002,,,,
% Returning,,,,,,,,,,,,,,,,
,86.3%,86.2%,87.2%,86.6%,86.1%,87.7%,87.8%,88.6%,85.9%,85.7%,,87.0%,,,,
Second Fall,,,,,,,,,,,,,,,,
AHANA,80.9%,86.3%,82.4%,84.6%,84.2%,85.5%,78.9%,78.0%,82.2%,80.8%,,80.0%,,,,
International1,82.4%,78.6%,97.3%,94.1%,80.6%,93.1%,96.3%,87.5%,81.0%,91.2%,,89.0%,,,,
Access Admit,64.6%,66.7%,76.7%,72.7%,61.7%,71.7%,67.3%,71.9%,73.8%,78.6%,,72.9%,,,,
Non Access Admit,88.2%,87.8%,88.6%,88.8%,88.3%,88.7%,88.9%,89.1%,86.5%,86.3%,,87.7%,,,,
Alumni Children,91.4%,89.4%,89.9%,89.8%,89.5%,91.5%,91.2%,92.3%,91.3%,90.1%,,91.2%,,,,
Top Scholarship,,,,,,,,,,,,,,,,
,91.2%,91.0%,90.5%,90.3%,91.1%,92.5%,92.0%,92.0%,92.0%,89.5%,,91.4%,,,,
Recipients,,,,,,,,,,,,,,,,
Christian Ref,,,,,,,,,,,,,,,,
,89.2%,89.7%,89.9%,89.0%,88.8%,90.5%,89.5%,90.6%,89.9%,88.7%,,89.7%,,,,
Church,,,,,,,,,,,,,,,,
Other Church,83.1%,83.2%,84.8%,84.0%,83.5%,85.1%,86.3%,86.9%,82.7%,83.1%,,84.8%,,,,
Michigan,84.2%,87.5%,85.0%,86.1%,88.2%,88.6%,86.1%,88.8%,87.1%,87.3%,,87.3%,,,,
Outstate,88.6%,84.8%,89.5%,87.0%,84.2%,86.8%,89.6%,88.4%,84.9%,84.0%,,86.7%,,,,
Public HS,84.9%,84.7%,86.1%,85.5%,86.3%,84.5%,83.1%,84.6%,81.9%,83.7%,,83.3%,,,,
Christian HS,87.4%,87.6%,88.0%,87.3%,86.0%,89.9%,91.2%,91.4%,88.4%,87.2%,,89.6%,,,,
Female,87.6%,85.9%,87.6%,86.4%,88.4%,88.1%,88.3%,88.6%,87.4%,86.0%,,87.6%,,,,
Male,84.7%,86.7%,86.7%,86.8%,83.2%,87.3%,87.1%,88.6%,84.2%,85.3%,,86.3%,,,,
,,,,,,,,,,,,Four,,,,
Graduation,1994,1995,1996,1997,1998,1999,2000,2001,2002,2003,,Year,,,,
Rates,FTIACs,FTIACs,FTIACs,FTIACs,FTIACs,FTIACs,FTIACs,FTIACs,FTIACs,FTIACs,Average,,,,,
FTIACs enrolled,938,1015,961,1061,979,1061,1053,1031,1049,1042,,1044,,,,
% Graduating,,,,,,,,,,,,,,,,
,69.3%,70.1%,73.3%,73.7%,75.8%,70.7%,74.5%,73.4%,75.4%,74.6%,,74.5%,,,,
Within Six Years,,,,,,,,,,,,,,,,
AHANA,52.9%,50.0%,70.3%,46.2%,69.0%,55.3%,70.6%,54.9%,59.0%,63.2%,,61.9%,,,,
International1,43.8%,52.6%,57.9%,75.0%,82.6%,76.5%,67.9%,86.5%,79.5%,74.2%,,77.0%,,,,
Access Admit,35.4%,47.7%,52.3%,49.5%,50.0%,30.5%,42.3%,42.5%,42.4%,38.3%,,41.4%,,,,
Non Access Admit,75.2%,74.0%,76.9%,77.6%,78.7%,76.2%,77.1%,75.8%,77.6%,76.8%,,76.8%,,,,
Alumni Children,76.6%,79.3%,82.0%,80.9%,81.4%,76.0%,82.1%,77.9%,80.3%,79.3%,,79.9%,,,,
Top Scholarship,,,,,,,,,,,,,,,,
,83.9%,79.6%,82.8%,83.5%,81.5%,81.3%,83.6%,82.8%,83.7%,84.5%,,83.7%,,,,
Recipients,,,,,,,,,,,,,,,,
Christian Ref,,,,,,,,,,,,,,,,
,75.7%,75.4%,78.0%,76.5%,81.7%,73.4%,80.4%,77.9%,77.6%,78.9%,,78.7%,,,,
Church,,,,,,,,,,,,,,,,
Other Church,59.8%,63.2%,67.7%,70.3%,69.4%,67.7%,69.4%,69.3%,73.2%,70.3%,,70.6%,,,,
Michigan,70.2%,69.6%,72.0%,72.4%,76.7%,68.7%,75.1%,70.7%,74.8%,76.7%,,74.3%,,,,
Outstate,68.4%,70.6%,74.6%,75.0%,74.8%,72.8%,73.9%,76.3%,76.0%,72.7%,,74.7%,,,,
Public HS,63.3%,65.6%,68.8%,71.2%,67.5%,68.1%,70.6%,71.6%,74.6%,72.1%,,72.2%,,,,
Christian HS,73.2%,73.3%,76.7%,75.4%,82.1%,72.5%,78.0%,74.7%,76.0%,76.1%,,76.2%,,,,
Female,71.2%,70.6%,74.6%,72.7%,77.2%,74.8%,75.2%,74.6%,76.2%,77.6%,,75.9%,,,,
Male,66.7%,69.5%,71.4%,75.2%,74.0%,65.5%,73.7%,71.7%,74.4%,70.8%,,72.7%,,,,
1 International students are students of Non-North American citizenship and no Lawful Permanent Resident Status in the U.S.,,,,,,,,,,,,,,,,
,,,,Calvin College,,,,,,,,,,,,
,,,,2009 Fall Day 10,,,,,,,,,,,,
,,FTIAC and Transfer Admissions History,,,,,,,,,,,,,,
,,,,,,,,,,,,Table 9,,,,
,1990,1995,2000,2001,2002,2003,2004,2005,2006,2007,2008,2009,,,,
FTIAC Admits at,,,,,,,,,,,,,,,,
,1530,1849,1846,1891,1829,1906,1687,2104,2173,2169,2039,2346,,,,
Year End,,,,,,,,,,,,,,,,
FTIAC Enrollees,965,1015,1053,1031,1049,1042,902,1007,1027,1039,936,945,,,,
Yield/Conversion Rate,63.1%,54.9%,57.0%,54.5%,57.4%,54.7%,53.5%,47.9%,47.3%,47.9%,45.9%,40.3%,,,,
AHANA FTIACs1,30,27,51,51,39,57,62,57,50,73,73,93,,,,
Canadian Citizens,61,45,53,50,37,60,26,31,37,39,43,22,,,,
International Citizens,14,19,36,50,36,41,38,29,39,52,41,69,,,,
Alumni Children,na,386,375,353,416,392,354,389,405,419,384,353,,,,
FTIACs,,38.0%,35.6%,34.2%,39.7%,37.6%,39.2%,38.6%,39.4%,40.3%,41.0%,37.4%,,,,
Other church FTIACs,368,440,558,538,514,526,469,533,548,565,502,559,,,,
Christian Reformed,597,575,495,493,535,516,433,474,479,474,434,386,,,,
FTIACs,61.9%,56.7%,47.0%,47.8%,51.0%,49.5%,48.0%,47.1%,46.6%,45.6%,46.4%,40.8%,,,,
Total CRC 18 Year-olds 2,5217,5265,5464,5476,5563,5419,5311,5391,5054,5151,4785,4637,,,,
% CRC 18 Year-olds enrolled,11.4%,10.9%,9.1%,9.0%,9.6%,9.5%,8.2%,8.8%,9.5%,9.2%,9.1%,8.3%,,,,
Public HS FTIACs,387,426,489,432,429,401,375,427,423,395,401,409,,,,
Michigan Public HS,,,,,,,,,,,,,,,,
,na,197,241,191,171,147,133,185,157,155,175,184,,,,
FTIACs,,,,,,,,,,,,,,,,
,578,589,564,599,620,641,527,580,604,644,535,536,,,,
Christian HS FTIACs,,,,,,,,,,,,,,,,
,59.9%,58.0%,53.6%,58.1%,59.1%,61.5%,58.4%,57.6%,58.8%,62.0%,57.2%,56.7%,,,,
West Michigan Area,281,280,260,275,323,285,274,285,292,285,262,252,,,,
Christian HS FTIACs,29.1%,27.6%,24.7%,26.7%,30.8%,27.4%,30.4%,28.3%,28.4%,27.4%,28.0%,26.7%,,,,
Michigan FTIACs,476,521,553,524,549,498,446,523,494,504,479,494,,,,
Other Great Lakes,140,173,152,167,165,192,155,187,226,184,169,176,,,,
States FTIACs3,14.5%,17.0%,14.4%,16.2%,15.7%,18.4%,17.2%,18.6%,22.0%,17.7%,18.1%,18.6%,,,,
,530,572,596,603,580,577,469,565,554,557,500,493,,,,
Female FTIACs,,,,,,,,,,,,,,,,
,54.9%,56.4%,56.6%,58.5%,55.3%,55.4%,52.0%,56.1%,53.9%,53.6%,53.4%,52.2%,,,,
Male FTIACs,435,443,457,428,469,465,433,442,473,482,436,452,,,,
Math/English,116,91,89,81,80,100,81,79,96,100,71,97,,,,
Assessment Enrolled,12.0%,9.0%,8.5%,7.9%,7.6%,9.6%,9.0%,7.8%,9.3%,9.6%,7.6%,10.3%,,,,
,133,109,78,73,66,60,53,55,32,42,70,70,,,,
Access Enrolled,,,,,,,,,,,,,,,,
,13.8%,10.7%,7.4%,7.1%,6.3%,5.8%,5.9%,5.5%,3.1%,4.0%,7.5%,7.4%,,,,
FTIACs with top,na,510,592,576,619,608,534,625,635,600,564,676,,,,
scholarships,4,50.2%,56.2%,55.9%,59.0%,58.3%,59.2%,62.1%,61.8%,57.7%,60.3%,71.5%,,,,
Transfer Admits at,,,,,,,,,,,,,,,,
,225,185,163,180,181,184,160,165,182,151,150,200,,,,
Year End,,,,,,,,,,,,,,,,
Transfer Enrollees,147,126,107,124,122,124,102,101,92,85,92,110,,,,
Yield/Conversion Rate,65.3%,68.1%,65.6%,68.9%,67.4%,67.4%,63.8%,61.2%,50.5%,56.3%,61.3%,55.0%,,,,
AHANA Transfers,na,na,7,8,4,9,8,11,8,2,8,11,,,,
Canadian Citizens,18,8,5,8,6,5,4,2,2,5,4,2,,,,
International Citizens,6,11,9,18,13,15,7,11,7,4,6,11,,,,
Female Transfers,77,53,62,62,74,59,48,44,51,50,53,57,,,,
Male Transfers,59,73,45,62,48,65,54,57,41,35,39,53,,,,
Michigan Transfers,76,65,63,61,57,62,60,56,58,44,51,62,,,,
Other Great Lakes,,,,,,,,,,,,,,,,
,25,13,11,15,22,20,15,12,9,12,15,14,,,,
States Transfers2,,,,,,,,,,,,,,,,
"1 AHANA include students who identify themselves as African-, Hispanic-, Asian-, and Native-American and are U.S. Citizens or Permanent Residents",,,,,,,,,,,,,,,,
2 These are adjusted numbers based on yearbook reporting irregularities and membership losses from the CRC.,,,,,,,,,,,,,,,,
"3 States are Illinois, Indiana, Ohio, and Wisconsin.",,,,,,,,,,,,,,,,
4 Scholarship counts in this table do not include the Knollcrest Scholarship,,,,,,,,,,,,,,,,
,,,Calvin College,,,,,,,,,,,,,
,,,2009 Fall Day 10,,,,,,,,,,,,,
,"Enrolled to Admitted Yield Rates, 2006 - 2009",,,,,,,,,,,,,,,
,,,,,,,,,,,Table 10,,,,,
,,2006 Fall,,,2007 Fall,,,2008 Fall,,,2009 Fall,,,,,
,Enroll / Admit,,Yield,Enroll / Admit,,Yield,Enroll / Admit,,Yield,Enroll / Admit,,Yield,,,,
First Time College,,,,,,,,,,,,,,,,
Students (FTIACs),1027,/,2173,47%,1039,/,2169,48%,936,/,2039,46%,945,/,2346,40%
Christian High Schools,604,/,1043,58%,644,/,1089,59%,535,/,1004,53%,536,/,1071,50%
W Michigan CHS,292,/,398,73%,285,/,405,70%,262,/,386,68%,252,/,390,65%
Public High Schools,423,/,1130,37%,395,/,1080,37%,401,/,1035,39%,409,/,1275,32%
Michigan Publics,157,/,434,36%,155,/,412,38%,175,/,420,42%,184,/,543,34%
Christian Reformed,479,/,700,68%,474,/,700,68%,434,/,669,65%,386,/,650,59%
Other Churches,548,/,1473,37%,565,/,1469,38%,502,/,1370,37%,559,/,1696,33%
Male,473,/,915,52%,482,/,923,52%,436,/,857,51%,452,/,1026,44%
Female,554,/,1258,44%,557,/,1246,45%,500,/,1182,42%,493,/,1320,37%
Access,32,/,59,54%,42,/,74,57%,70,/,130,54%,70,/,161,43%
Scholarship Recipients3,739,/,1584,47%,814,/,1749,47%,748,/,1683,44%,714,/,1798,40%
Alumni Children,405,/,575,70%,419,/,606,69%,384,/,587,65%,353,/,560,63%
Michigan,494,/,936,53%,504,/,924,55%,479,/,913,52%,494,/,1072,46%
Great Lakes States1,226,/,526,43%,184,/,475,39%,169,/,446,38%,176,/,551,32%
AHANA2,50,/,135,37%,73,/,181,40%,73,/,191,38%,93,/,232,40%
Canadian Citizens,37,/,71,52%,39,/,65,60%,43,/,65,66%,22,/,51,43%
International Citizens,39,/,70,56%,52,/,101,51%,41,/,72,57%,69,/,106,65%
Transfer Students,92,/,182,51%,85,/,151,56%,92,/,150,61%,110,/,200,55%
AHANA2,8,/,12,67%,2,/,5,40%,8,/,15,53%,11,/,19,58%
Canadian Citizens,2,/,5,40%,5,/,8,63%,4,/,5,80%,2,/,4,50%
International Citizens,7,/,9,78%,4,/,4,100%,6,/,8,75%,11,/,16,69%
Michigan,58,/,90,64%,44,/,71,62%,51,/,81,63%,62,/,109,57%
Great Lakes States1,9,/,31,29%,12,/,26,46%,15,/,23,65%,14,/,24,58%
Male,41,/,74,55%,35,/,62,56%,39,/,54,72%,53,/,90,59%
Female,51,/,108,47%,50,/,89,56%,53,/,96,55%,57,/,110,52%
Christian Reformed,25,/,42,60%,21,/,33,64%,23,/,36,64%,26,/,42,62%
Other Churches,67,/,140,48%,64,/,118,54%,69,/,114,61%,84,/,158,53%
"1 States are Illinois, Indiana, Ohio, and Wisconsin",,,,,,,,,,,,,,,,
"2 Includes African-, Hispanic-, Asian-, and Native-Americans who are U.S. Citizens or permanent residents.",,,,,,,,,,,,,,,,
"3 Beginning in 2006, the scholarship numbers include Knollcrest Scholarship Recipients",,,,,,,,,,,,,,,,
,,,Calvin College,,,,,,,,,,,,,
,,,2009 Fall Day 10,,,,,,,,,,,,,
Academic Characteristics of Enrolled FTIACs 2000-2009,,,,,,,,,,,,,,,,
Averages,,,,,,,,Table 11,,,,,,,,
,,,,,Mean SAT,,,,,,,,,,,
,,,Mean ACT,,Critical Reading,,% in Top Tenth,,,,,,,,,
Year,Mean HS GPA,,Composite,,and Math,,of HS Class,,,,,,,,,
2009,3.6,(n=944),26,(n=783),1199,(n=298),29%,209/723,,,,,,,,
2008,3.58,(n=928),25.8,(n=764),1200,(n=295),27%,193/723,,,,,,,,
2007,3.59,"(n=1,029)",25.8,(n=805),1181,(n=372),27%,202/751,,,,,,,,
2006,3.6,(n=997),25.9,(n=839),1217,(n=355),29%,236/816,,,,,,,,
2005,3.57,(n=992),25.8,(n=846),1213,(n=350),26%,212/815,,,,,,,,
2004,3.56,(n=881),25.8,(n=726),1204,(n=328),28%,207/747,,,,,,,,
2003,3.54,"(n=1,018)",25.5,(n=850),1199,(n=360),25%,210/843,,,,,,,,
2002,3.53,"(n=1,036)",25.4,(n=872),1176,(n=359),27%,239/901,,,,,,,,
2001,3.49,"(n=1,010)",25.6,(n=848),1177,(n=361),27%,237/889,,,,,,,,
2000,3.5,"(n=1,025)",25.7,(n=881),1191,(n=365),28%,253/908,,,,,,,,
Quartiles,,,,,,,,Table 12,,,,,,,,
,,,,,,,,SAT,,,,,,,,
,High School GPA,,,ACT Composite,,,Critical Reading & Math,,,,,,,,,
Year,25%,50%,75%,25%,50%,75%,25%,50%,75%,,,,,,,
2009,3.34,3.7,3.93,23,26,29,1070,1210,1320,,,,,,,
2008,3.31,3.67,3.92,23,26,28,1100,1210,1300,,,,,,,
2007,3.32,3.66,3.92,23,26,28,1070,1190,1290,,,,,,,
2006,3.32,3.68,3.95,23,26,29,1100,1220,1330,,,,,,,
2005,3.32,3.66,3.91,23,26,28,1110,1220,1320,,,,,,,
2004,3.29,3.64,3.91,23,26,29,1090,1200,1320,,,,,,,
2003,3.26,3.63,3.89,23,26,28,1100,1200,1310,,,,,,,
2002,3.27,3.62,3.89,22,26,28,1060,1180,1280,,,,,,,
2001,3.2,3.57,3.85,23,26,28,1060,1180,1290,,,,,,,
2000,3.21,3.58,3.87,23,26,29,1075,1190,1320,,,,,,,
,,,Calvin College,,,,,,,,,,,,,
,,,2009 Fall Day 10,,,,,,,,,,,,,
,,Faculty Characteristics 2000-2009,,,,,,,,,,,,,,
,,,,,,,,,Table 13,,,,,,,
,2000,2001,2002,2003,2004,2005,2006,2007,2008,2009,,,,,,
Total Faculty,349,353,374,383,397,398,403,407,418,395,,,,,,
Total FTE,283,286,301,303,299,307,302,316,316,320,,,,,,
1,,,,,,,,,,,,,,,,
Full Time Faculty,284,284,291,305,307,309,313,322,320,326,,,,,,
,81.4%,80.5%,77.8%,79.6%,77.3%,77.6%,77.7%,79.1%,76.6%,82.5%,,,,,,
Part Time Faculty,65,69,83,77,90,89,90,85,98,69,,,,,,
,18.6%,19.5%,22.2%,20.1%,22.7%,22.4%,22.3%,20.9%,23.4%,17.5%,,,,,,
Characteristics of,,,,,,,,,,,,,,,,
Full Time Faculty:,,,,,,,,,,,,,,,,
Female,84,90,92,92,91,98,98,104,104,111,,,,,,
,29.6%,31.7%,31.6%,30.2%,29.6%,31.7%,31.3%,32.3%,32.5%,34.0%,,,,,,
Male,200,194,199,213,216,211,213,218,216,215,,,,,,
,70.4%,68.3%,68.4%,69.8%,70.4%,68.3%,68.1%,67.7%,67.5%,66.0%,,,,,,
Tenured,137,138,141,159,169,179,188,184,188,190,,,,,,
,48.2%,48.6%,48.5%,52.1%,55.0%,57.9%,60.1%,57.1%,58.8%,58.3%,,,,,,
Tenure Track,96,96,101,96,92,89,86,99,86,89,,,,,,
,33.8%,33.8%,34.7%,31.5%,30.0%,28.8%,27.5%,30.7%,26.9%,27.3%,,,,,,
Term Appointment,51,50,49,50,43,41,37,39,46,47,,,,,,
,18.0%,17.6%,16.8%,16.4%,14.0%,13.3%,11.8%,12.1%,14.4%,14.4%,,,,,,
AHANA (Ethnic Minority),15,15,19,21,20,22,23,23,28,32,,,,,,
,5.3%,5.3%,6.5%,6.9%,6.5%,7.1%,7.3%,7.1%,8.8%,9.8%,,,,,,
Terminal Degree,233,236,239,252,251,252,261,266,260,268,,,,,,
,82.0%,83.1%,82.1%,82.6%,81.8%,81.6%,83.4%,82.6%,81.3%,82.2%,,,,,,
No Terminal Degree,51,48,52,53,56,57,50,56,60,58,,,,,,
,18.0%,16.9%,17.9%,17.4%,18.2%,18.4%,16.0%,17.4%,18.8%,17.8%,,,,,,
Professors,152,144,148,156,154,150,145,140,144,145,,,,,,
,53.5%,50.7%,50.9%,51.1%,50.2%,48.5%,46.3%,43.5%,45.0%,44.5%,,,,,,
Associate Professors,53,54,49,54,60,67,78,81,72,72,,,,,,
,18.7%,19.0%,16.8%,17.7%,19.5%,21.7%,24.9%,25.2%,22.5%,22.1%,,,,,,
Assistant Professors,75,82,84,86,86,84,82,96,96,100,,,,,,
,26.4%,28.9%,28.9%,28.2%,28.0%,27.2%,26.2%,29.8%,30.0%,30.7%,,,,,,
Instructors,4,4,10,9,6,8,6,5,8,9,,,,,,
,1.4%,1.4%,3.4%,3.0%,2.0%,2.6%,1.9%,1.6%,2.5%,2.8%,,,,,,
Student-Faculty Ratio,15.8:1,15.2:1,14.8:1,15.0:1,14.6:1,14.5:1,14.7:1,14.2:1,14.2:1,13.7:1,,,,,,
1 Deans in the Academic Affairs Division are not counted in this table.,,,,,,,,,,,,,,,,
,,,Calvin College,,,,,,,,,,,,,
,,,2009 Fall Day 10,,,,,,,,,,,,,
,,,1,,,,,,,,,,,,,
Full-Time Faculty,,,"by Academic Department, 2005-2009",,,,,,,,,,,,,
,,,,,,,,,,Table 14,,,,,,
,2005,% of FT,2006,% of FT,2007,% of FT,2008,% of FT,2009,% of FT,,,,,,
Department,Fall,Faculty,Fall,Faculty,Fall,Faculty,Fall,Faculty,Fall,Faculty,,,,,,
Art and Art History,10,3.2%,9,2.9%,10,3.1%,10,3.1%,10,3.1%,,,,,,
Biology,18,5.8%,17,5.4%,18,5.6%,17,5.3%,17,5.2%,,,,,,
Business2,,,,,11,3.4%,12,3.8%,13,4.0%,,,,,,
Chemistry and,,,,,,,,,,,,,,,,
,12,3.9%,14,4.5%,12,3.8%,12,3.8%,13,4.0%,,,,,,
Biochemistry,,,,,,,,,,,,,,,,
Classical Languages,4,1.3%,4,1.3%,4,1.3%,4,1.3%,4,1.2%,,,,,,
Communications Arts,,,,,,,,,,,,,,,,
,20,6.5%,22,7.0%,21,6.6%,22,6.9%,22,6.8%,,,,,,
and Sciences,,,,,,,,,,,,,,,,
Computer Science,7,2.3%,7,2.2%,7,2.2%,7,2.2%,6,1.8%,,,,,,
Economics2,17,5.5%,18,5.8%,8,2.5%,8,2.5%,9,2.8%,,,,,,
Education,14,4.5%,14,4.5%,15,4.7%,13,4.1%,14,4.3%,,,,,,
Engineering,14,4.5%,15,4.8%,16,5.0%,15,4.7%,16,4.9%,,,,,,
English,23,7.4%,21,6.7%,21,6.6%,22,6.9%,24,7.4%,,,,,,
French,5,1.6%,5,1.6%,5,1.6%,6,1.9%,5,1.5%,,,,,,
"Geology, Geography",,,,,,,,,,,,,,,,
,7,2.3%,7,2.2%,7,2.2%,8,2.5%,9,2.8%,,,,,,
and Environ. Studies,,,,,,,,,,,,,,,,
Germanic and Asian,,,,,,,,,,,,,,,,
,5,1.6%,5,1.6%,5,1.6%,5,1.6%,5,1.5%,,,,,,
Languages,,,,,,,,,,,,,,,,
HPERDS,16,5.2%,17,5.4%,16,5.0%,15,4.7%,16,4.9%,,,,,,
History,17,5.5%,17,5.4%,18,5.6%,17,5.3%,16,4.9%,,,,,,
Mathematics and,,,,,,,,,,,,,,,,
,14,4.5%,13,4.2%,15,4.7%,17,5.3%,15,4.6%,,,,,,
Statistics,,,,,,,,,,,,,,,,
Music,14,4.5%,14,4.5%,14,4.4%,14,4.4%,14,4.3%,,,,,,
Nursing,11,3.6%,12,3.8%,14,4.4%,12,3.8%,13,4.0%,,,,,,
Philosophy,14,4.5%,14,4.5%,14,4.4%,14,4.4%,14,4.3%,,,,,,
Physics,9,2.9%,10,3.2%,9,2.8%,9,2.8%,8,2.5%,,,,,,
Political Science,9,2.9%,8,2.6%,8,2.5%,8,2.5%,8,2.5%,,,,,,
Psychology,12,3.9%,12,3.8%,11,3.4%,11,3.5%,12,3.7%,,,,,,
Religion,13,4.2%,13,4.2%,15,4.7%,15,4.7%,15,4.6%,,,,,,
Sociology,7,2.3%,7,2.2%,7,2.2%,6,1.9%,7,2.2%,,,,,,
Social Work,5,1.6%,6,1.9%,6,1.9%,5,1.6%,5,1.5%,,,,,,
Spanish,12,3.9%,12,3.8%,13,4.1%,14,4.4%,15,4.6%,,,,,,
Total Full-Time,,,,,,,,,,,,,,,,
,309,100%,313,100%,320,100%,318,100%,325,100%,,,,,,
Faculty,,,,,,,,,,,,,,,,
1,,,,,,,,,,,,,,,,
Deans in the Academic Affairs Division and Faculty in Student Academic Services are not counted in this table.,,,,,,,,,,,,,,,,
2,,,,,,,,,,,,,,,,
Economics and Business divided into two departments in 2007. Prior to 2007 Business and Economics data are,,,,,,,,,,,,,,,,
combined under Economics.,,,,,,,,,,,,,,,,
,,,Calvin College,,,,,,,,,,,,,
,,,2009 Fall Day 10,,,,,,,,,,,,,
"Semester Hour Enrollment by Department, 2005-2009",,,,,,,,,,,,,,,,
,,,,,,,,,Table 15,,,,,,,
,,% of,,% of,,% of,,% of,,,% of,,,,,
Department,2005,Total,2006,Total,2007,Total,2008,Total,2009,,Total,,,,,
Art and Art History,1741,3.0%,1820,3.1%,1652,2.8%,1829,3.1%,1597,,2.8%,,,,,
Biology,3592,6.1%,3698,6.3%,3797,6.4%,3778,6.4%,3704,,6.4%,,,,,
Business1,,,,,3048,5.1%,3224,5.5%,3273,,5.7%,,,,,
Chemistry and,,,,,,,,,,,,,,,,
,2595,4.4%,2613,4.4%,2711,4.5%,2754,4.7%,2651,,4.6%,,,,,
Biochemistry,,,,,,,,,,,,,,,,
Classical Languages,606,1.0%,552,0.9%,633,1.1%,610,1.0%,568,,1.0%,,,,,
Communications Arts,,,,,,,,,,,,,,,,
,3330,5.7%,3672,6.2%,3765,6.3%,3688,6.2%,3389,,5.9%,,,,,
and Sciences,,,,,,,,,,,,,,,,
Computer Science,936,1.6%,916,1.6%,865,1.4%,914,1.5%,1245,,2.2%,,,,,
Economics1,4601,7.8%,4669,7.9%,1905,3.2%,1825,3.1%,1725,,3.0%,,,,,
Education,2598,4.4%,2193,3.7%,2045,3.4%,2239,3.8%,2291,,4.0%,,,,,
Engineering,2164,3.7%,2022,3.4%,2068,3.5%,2076,3.5%,2115,,3.7%,,,,,
English,4075,7.0%,4099,7.0%,4155,7.0%,4246,7.2%,4195,,7.3%,,,,,
French,671,1.1%,591,1.0%,686,1.1%,676,1.1%,653,,1.1%,,,,,
"Geology, Geography",,,,,,,,,,,,,,,,
,1088,1.9%,1343,2.3%,1137,1.9%,1358,2.3%,1186,,2.1%,,,,,
and Environ. Studies,,,,,,,,,,,,,,,,
Germanic and Asian,,,,,,,,,,,,,,,,
,1133,1.9%,1096,1.9%,1109,1.9%,1069,1.8%,1209,,2.1%,,,,,
Languages,,,,,,,,,,,,,,,,
HPERDS,2495,4.3%,2419,4.1%,2566,4.3%,2325,3.9%,2602,,4.5%,,,,,
History,2887,4.9%,2864,4.9%,2822,4.7%,2473,4.2%,2465,,4.3%,,,,,
Interdisciplinary,1910,3.3%,2025,3.4%,1998,3.3%,1880,3.2%,1360,,2.4%,,,,,
Mathematics and,,,,,,,,,,,,,,,,
,3133,5.3%,3309,5.6%,3478,5.8%,3906,6.6%,3292,,5.7%,,,,,
Statistics,,,,,,,,,,,,,,,,
Music,1524,2.6%,1538,2.6%,1591,2.7%,1347,2.3%,1177,,2.0%,,,,,
Nursing,1429,2.4%,1420,2.4%,1388,2.3%,1443,2.4%,1458,,2.5%,,,,,
Philosophy,2166,3.7%,1933,3.3%,2183,3.7%,2102,3.6%,2169,,3.7%,,,,,
Physics,1181,2.0%,1112,1.9%,1356,2.3%,1309,2.2%,1297,,2.2%,,,,,
Political Science,1270,2.2%,1212,2.1%,1075,1.8%,1049,1.8%,991,,1.7%,,,,,
Psychology,2857,4.9%,2763,4.7%,2883,4.8%,2629,4.5%,2839,,4.9%,,,,,
Religion,3012,5.1%,3189,5.4%,3357,5.6%,2964,5.0%,3081,,5.3%,,,,,
Sociology,1287,2.2%,1581,2.7%,1373,2.3%,1382,2.3%,1449,,2.5%,,,,,
Social Work,1361,2.3%,928,1.6%,797,1.3%,984,1.7%,770,,1.3%,,,,,
Spanish,2550,4.3%,2802,4.8%,2672,4.5%,2352,4.0%,2513,,4.3%,,,,,
Other2,434,0.7%,540,0.9%,559,0.9%,587,1.0%,586,,1.0%,,,,,
Total,58626,hours,58919,hours,59674,hours,59018,hours,57850,hours,,,,,,
1,,,,,,,,,,,,,,,,
Economics and Business divided into two departments in 2007. Prior to 2007 Business and Economics data are,,,,,,,,,,,,,,,,
combined under Economics.,,,,,,,,,,,,,,,,
2,,,,,,,,,,,,,,,,
"Other can include International Development Studies, Less Commonly Taught Languages, and Science Education Studies",,,,,,,,,,,,,,,,
,,,Calvin College,,,,,,,,,,,,,
,,,2009 Fall Day 10,,,,,,,,,,,,,
,,,,1,,,,,,,,,,,,
Students per Faculty Member,,,,,"by Department, 2005-2009",,,,,,,,,,,
,,,,,,,,,,Table 16,,,,,,
,,Diff,,Diff,,Diff,,Diff,,Diff,,,,,,
,2005,from,2006,from,2007,from,2008,from,2009,from,,,,,,
Department,Fall,Overall,Fall,Overall,Fall,Overall,Fall,Overall,Fall,Overall,,,,,,
Art and Art History,12.5,-2,13.9,-0.7,12.2,-2,14.5,0.3,12.4,-1.3,,,,,,
Biology,15.2,0.8,17.1,2.4,15.7,1.4,16.7,2.5,15.9,2.2,,,,,,
2,,,,,,,,,,,,,,,,
Business,,,,,19.2,5,19.2,5,18.5,4.7,,,,,,
Chemistry and,,,,,,,,,,,,,,,,
,18.2,3.8,16,1.3,18.2,3.9,17.9,3.6,18.9,5.2,,,,,,
Biochemistry,,,,,,,,,,,,,,,,
Classical Languages,11.8,-2.7,10.8,-3.9,11.3,-2.9,13.1,-1.2,10.1,-3.6,,,,,,
Communications Arts,,,,,,,,,,,,,,,,
,12.7,-1.7,14.1,-0.6,13.4,-0.8,13.2,-1.1,13.7,0,,,,,,
and Sciences,,,,,,,,,,,,,,,,
Computer Science,12.9,-1.5,11.6,-3.1,13.2,-1,9.8,-4.5,14,0.3,,,,,,
2,,,,,,,,,,,,,,,,
Economics,18.6,4.2,20.4,5.8,18.5,4.3,19.1,4.9,14.2,0.5,,,,,,
Education,13.3,-1.2,10.9,-3.7,11.2,-3,13.7,-0.5,11.7,-2,,,,,,
Engineering,12.7,-1.8,11.1,-3.5,12,-2.3,12.7,-1.5,12.2,-1.5,,,,,,
English,14.3,-0.2,14.4,-0.3,14.4,0.1,13.8,-0.5,14.3,0.5,,,,,,
French,11.1,-3.4,10.6,-4.1,10.5,-3.7,8.8,-5.5,10,-3.7,,,,,,
"Geology, Geography",,,,,,,,,,,,,,,,
,15.5,1.1,16.9,2.3,15.2,1,16.1,1.9,14.9,1.2,,,,,,
and Environ. Studies,,,,,,,,,,,,,,,,
Germanic and Asian,,,,,,,,,,,,,,,,
,12.8,-1.7,13.1,-1.6,11.3,-2.9,13.5,-0.8,13,-0.8,,,,,,
Languages,,,,,,,,,,,,,,,,
HPERDS,14.1,-0.4,13.6,-1,14.9,0.6,13.8,-0.4,14.7,1,,,,,,
History,19.3,4.9,19.5,4.8,15.5,1.3,18.3,4,15.5,1.8,,,,,,
Interdisciplinary,13.6,-0.8,16.1,1.4,15.9,1.6,13.4,-0.8,10.4,-3.3,,,,,,
Mathematics and,,,,,,,,,,,,,,,,
,19.2,4.7,19.2,4.5,18.2,4,19.4,5.2,16.4,2.7,,,,,,
Statistics,,,,,,,,,,,,,,,,
Music,8.9,-5.5,9.4,-5.2,9.7,-4.5,8.6,-5.6,6.3,-7.4,,,,,,
Nursing,7,-7.5,7.1,-7.6,6.7,-7.5,6.6,-7.7,6.4,-7.3,,,,,,
Philosophy,16.6,2.1,13.8,-0.9,17.3,3.1,14.1,-0.2,15,1.3,,,,,,
Physics,13.3,-1.2,13.2,-1.4,14.5,0.3,15.6,1.3,13.5,-0.2,,,,,,
Political Science,15.1,0.6,15.3,0.6,12.1,-2.1,12.5,-1.8,12.9,-0.9,,,,,,
Psychology,18,3.5,17.9,3.3,16.7,2.5,17.6,3.4,17.4,3.7,,,,,,
Religion,17.4,3,18.5,3.8,17.1,2.9,15.9,1.6,16.9,3.2,,,,,,
Sociology,14.5,0,21.2,6.5,16.4,2.1,14.8,0.6,18.3,4.5,,,,,,
Social Work,16.2,1.7,9,-5.6,9.5,-4.8,13.2,-1.1,11.8,-1.9,,,,,,
Spanish,14,-0.5,16.2,1.6,14.3,0.1,12.6,-1.6,13.8,0.1,,,,,,
3,,,,,,,,,,,,,,,,
Other,10.3,-4.1,11.9,-2.7,10.9,-3.3,11.5,-2.8,11.4,-2.3,,,,,,
Overall Students per,,,,,,,,,,,,,,,,
,14.46,,14.65,,14.22,,14.24,,13.71,,,,,,,
Faculty,,,,,,,,,,,,,,,,
1 Students per Faculty Member is computed by dividing the number of student credit hours in each department,,,,,,,,,,,,,,,,
"by 14 (a standard credit load measure), divided by the Faculty FTE devoted to teaching in each department.",,,,,,,,,,,,,,,,
2 Economics and Business divided into two departments in 2007. Prior to 2007 Business and Economics data are,,,,,,,,,,,,,,,,
combined under Economics.,,,,,,,,,,,,,,,,
"3 Other can include International Development Studies, Less Commonly Taught Languages, and Science Education Studies",,,,,,,,,,,,,,,,
